city,lat,lng,max temp,humidity,cloudiness,wind speed,country id,date
Gualeguay,-33.1416,-59.3097,73.94,58,0,7.92,AR,1643462502
Port Saint Lucie,27.2939,-80.3503,47.01,58,0,5.99,US,1643462502
Salé,34.0389,-6.8166,73.63,33,97,3.44,MA,1643462503
Qasigiannguit,68.8193,-51.1922,12.45,77,100,12.5,GL,1643462503
Barrow,71.2906,-156.7887,-7.58,71,100,12.66,US,1643462503
Punta Arenas,-53.15,-70.9167,60.91,63,75,19.57,CL,1643462269
Busselton,-33.65,115.3333,77.09,72,0,14.03,AU,1643462504
Ixtapa,20.7,-105.2,63.23,88,0,3.44,MX,1643462504
Almaty,43.25,76.95,31.91,100,100,4.47,KZ,1643462505
Mataura,-46.1927,168.8643,61.48,71,100,2.82,NZ,1643462505
Hobart,-42.8794,147.3294,63.01,72,100,1.01,AU,1643462362
Kiryat Gat,31.61,34.7642,57.88,100,49,7.49,IL,1643462505
Ilulissat,69.2167,-51.1,12.22,79,100,9.22,GL,1643462506
Kristinehamn,59.3098,14.1081,46.38,97,100,25.7,SE,1643462506
Saint Anthony,45.0205,-93.218,11.12,78,0,1.99,US,1643462507
Puerto Berrío,6.4916,-74.4033,76.35,80,10,1.16,CO,1643462507
Saint George,37.1041,-113.5841,42.35,46,0,0.0,US,1643462507
Mount Gambier,-37.8333,140.7667,58.93,86,29,9.53,AU,1643462508
Zhalantun,48.0,122.7167,4.41,69,8,9.1,CN,1643462508
Faanui,-16.4833,-151.75,79.95,75,20,11.88,PF,1643462508
Bluff,-46.6,168.3333,61.81,79,100,8.41,NZ,1643462509
Atuona,-9.8,-139.0333,77.04,76,68,13.27,PF,1643462509
Vaini,-21.2,-175.2,81.77,80,100,16.98,TO,1643462510
Umluj,25.0213,37.2685,67.6,42,0,13.73,SA,1643462510
‘Āhuimanu,21.4447,-157.8378,74.91,73,40,1.99,US,1643462511
Soyo,-6.1349,12.3689,86.05,67,100,9.4,AO,1643462511
Basoko,1.2391,23.616,98.1,18,5,1.52,CD,1643462511
Zhangye,38.9342,100.4517,22.62,36,69,3.15,CN,1643462512
Huangmei,30.1924,116.025,36.84,96,100,5.39,CN,1643462512
East London,-33.0153,27.9116,74.34,68,40,14.97,ZA,1643462512
Henties Bay,-22.116,14.2845,67.86,75,19,11.54,NA,1643462513
Yellowknife,62.456,-114.3525,-8.59,95,100,4.61,CA,1643462513
Tongliao,43.6125,122.2653,-1.46,87,5,5.3,CN,1643462513
Antofagasta,-23.65,-70.4,72.21,62,46,4.59,CL,1643462514
Tezu,27.9167,96.1667,55.09,48,2,4.47,IN,1643462514
Tuatapere,-46.1333,167.6833,61.83,75,100,5.73,NZ,1643462515
Champerico,14.3,-91.9167,77.04,78,0,3.65,GT,1643462515
Khatanga,71.9667,102.5,-3.01,98,100,5.66,RU,1643462515
Naze,28.3667,129.4833,56.08,78,100,13.04,JP,1643462516
George Town,5.4112,100.3354,85.95,73,20,5.75,MY,1643462395
Albany,42.6001,-73.9662,11.8,82,100,4.0,US,1643461850
Hermanus,-34.4187,19.2345,91.9,44,3,21.83,ZA,1643462516
Ciudad Bolivar,8.1222,-63.5497,76.93,67,94,9.66,VE,1643462516
Québec,46.8123,-71.2145,0.79,77,100,12.66,CA,1643462222
Hay River,60.8156,-115.7999,-2.22,78,100,4.61,CA,1643462517
Sovetskiy,61.3614,63.5842,0.72,97,100,3.67,RU,1643462517
Noumea,-22.2763,166.4572,79.0,99,100,6.4,NC,1643462518
Bredasdorp,-34.5322,20.0403,84.27,50,4,16.11,ZA,1643462518
Hamilton,39.1834,-84.5333,8.67,92,0,0.0,US,1643462362
Maralal,1.0968,36.698,75.4,31,80,16.2,KE,1643462518
Chokurdakh,70.6333,147.9167,-9.92,83,100,2.57,RU,1643462519
Chui,-33.6971,-53.4616,70.83,67,76,2.68,UY,1643462579
Kavieng,-2.5744,150.7967,82.06,73,83,2.42,PG,1643462579
Mananara,-16.1667,49.7667,82.02,72,100,5.93,MG,1643462580
Esperance,-33.8667,121.9,71.67,61,1,17.52,AU,1643462580
Taltal,-25.4,-70.4833,66.79,73,14,2.98,CL,1643462580
Bambous Virieux,-20.3428,57.7575,85.21,79,40,8.05,MU,1643462581
Auki,-8.7676,160.7034,77.95,85,98,4.72,SB,1643462581
Kahului,20.8947,-156.47,71.62,76,0,13.8,US,1643462582
Pacific Grove,36.6177,-121.9166,54.28,46,0,1.01,US,1643462580
Gornopravdinsk,60.05,69.9,5.29,98,100,3.85,RU,1643462582
Celestún,20.8667,-90.4,69.85,68,96,19.55,MX,1643462478
Minsk,53.9,27.5667,28.15,93,100,7.14,BY,1643462479
Pisco,-13.7,-76.2167,68.05,77,100,4.61,PE,1643462582
Vulcăneşti,45.6842,28.4028,38.44,49,15,13.98,MD,1643462583
Jamestown,42.097,-79.2353,8.33,85,100,8.05,US,1643462528
Itacarambi,-15.1022,-44.0919,79.3,71,100,5.5,BR,1643462583
Goroka,-6.0834,145.3873,62.38,98,100,2.08,PG,1643462584
Belaya Gora,68.5333,146.4167,-10.25,99,100,1.59,RU,1643462584
Rikitea,-23.1203,-134.9692,77.05,76,100,9.4,PF,1643462584
La Paz,-16.5,-68.15,51.78,76,75,2.3,BO,1643462399
Bengkulu,-3.8004,102.2655,78.75,84,100,2.37,ID,1643462585
Yenagoa,4.9247,6.2642,99.82,13,0,6.96,NG,1643462585
Buchanan,5.8808,-10.0467,89.56,64,47,8.57,LR,1643462586
Sahuaripa,29.05,-109.2333,50.7,48,1,4.07,MX,1643462586
Yerofey Pavlovich,53.9667,121.9667,-7.67,90,5,4.29,RU,1643462586
Vardø,70.3705,31.1107,21.4,88,100,12.39,NO,1643462587
Korla,41.7597,86.1469,25.54,56,100,7.4,CN,1643462587
Koutsouras,35.0339,25.9469,59.11,58,100,5.66,GR,1643462588
Río Gallegos,-51.6226,-69.2181,66.25,42,0,2.3,AR,1643462588
Yazykovo,55.2199,56.1353,8.49,97,93,3.69,RU,1643462588
San Patricio,28.017,-97.5169,42.93,55,84,3.69,US,1643462589
Ushuaia,-54.8,-68.3,58.66,72,75,12.66,AR,1643462480
Tuktoyaktuk,69.4541,-133.0374,-16.24,96,98,11.54,CA,1643462589
Avarua,-21.2078,-159.775,77.05,88,75,3.44,CK,1643462589
Tiksi,71.6872,128.8694,-8.82,100,27,4.79,RU,1643462590
Otradnoye,59.7775,30.8181,26.65,97,97,4.14,RU,1643462590
Laguna,38.421,-121.4238,50.09,91,0,0.0,US,1643462591
Banda Aceh,5.5577,95.3222,80.2,81,17,10.33,ID,1643462591
Margate,51.3813,1.3862,58.17,73,56,26.33,GB,1643462592
Port Lincoln,-34.7333,135.8667,65.23,80,0,17.83,AU,1643462434
Pierre,44.3683,-100.351,31.28,55,0,14.97,US,1643462592
Seoul,37.5683,126.9778,22.6,52,0,6.91,KR,1643462592
Dikson,73.5069,80.5464,-1.1,95,99,19.15,RU,1643462593
Hervey Bay,-25.2986,152.8535,77.02,80,9,8.01,AU,1643462593
Kaitangata,-46.2817,169.8464,52.75,83,100,3.49,NZ,1643462594
Havre-St-Pierre,50.2334,-63.5986,-4.0,64,0,9.22,CA,1643462594
Acaraú,-2.8856,-40.12,79.05,73,99,6.58,BR,1643462594
Evensk,61.95,159.2333,21.63,86,100,20.76,RU,1643462595
Lagoa,39.05,-27.9833,58.59,70,2,8.97,PT,1643462595
Adrar,20.5022,-10.0711,85.93,9,100,21.43,MR,1643462595
Sioux Lookout,50.1001,-91.917,-0.02,77,100,5.75,CA,1643462656
Bethel,41.3712,-73.414,25.92,81,100,3.0,US,1643462656
Puerto Ayora,-0.7393,-90.3518,72.88,84,77,7.94,EC,1643462657
Batangafo,7.3008,18.2833,97.2,9,96,7.11,CF,1643462657
Fortuna,40.5982,-124.1573,40.08,93,0,9.22,US,1643462657
Atar,20.5169,-13.0499,85.91,14,100,9.28,MR,1643462658
Ust-Nera,64.5667,143.2,-14.01,100,100,1.92,RU,1643462658
Zhanakorgan,43.9098,67.2495,29.21,88,14,7.05,KZ,1643462658
Arlit,18.7369,7.3853,80.82,8,13,1.97,NE,1643462659
Saint Paul Harbor,57.79,-152.4072,27.91,69,100,18.41,US,1643462659
Illapel,-31.6308,-71.1653,68.67,68,6,4.38,CL,1643462660
Rawson,-43.3002,-65.1023,77.54,41,33,11.23,AR,1643462660
Saint-Philippe,-21.3585,55.7679,83.75,84,64,9.13,RE,1643462660
Maricá,-22.9194,-42.8186,86.16,80,90,3.74,BR,1643462661
Makakilo City,21.3469,-158.0858,73.72,74,20,3.44,US,1643462661
Mitsamiouli,-11.3847,43.2844,88.09,66,20,9.22,KM,1643462661
Oranjemund,-28.55,16.4333,72.27,67,4,15.3,NA,1643462662
Torbay,47.6666,-52.7314,34.39,85,75,21.85,CA,1643462662
Lorengau,-2.0226,147.2712,80.13,80,100,7.83,PG,1643462662
Hīt,33.6416,42.8251,58.8,39,72,3.83,IQ,1643462663
Dwārka,22.2394,68.9678,72.19,40,0,10.94,IN,1643462663
Kamaishi,39.2667,141.8833,30.34,72,16,7.9,JP,1643462664
Vila Franca do Campo,37.7167,-25.4333,63.19,64,25,11.72,PT,1643462664
Hofn,64.2539,-15.2082,28.92,56,1,14.54,IS,1643462664
Okhotsk,59.3833,143.3,13.68,80,100,15.37,RU,1643462665
Pāsighāt,28.0667,95.3333,55.98,65,33,4.63,IN,1643462665
Nikolskoye,59.7035,30.7861,26.49,96,97,4.16,RU,1643462666
Constantine,36.365,6.6147,54.81,30,0,4.61,DZ,1643462666
Lebu,-37.6167,-73.65,61.79,77,0,5.35,CL,1643462666
Shimoda,34.6667,138.95,41.11,66,59,16.11,JP,1643462667
Salalah,17.0151,54.0924,78.89,57,20,6.91,OM,1643462667
Rawlins,41.7911,-107.2387,34.02,30,0,6.91,US,1643462668
Cairns,-16.9167,145.7667,78.06,96,100,3.44,AU,1643462668
Saint-Michel-des-Saints,46.6834,-73.9159,-21.21,98,100,5.26,CA,1643462668
Katobu,-4.9408,122.5276,77.32,83,100,3.06,ID,1643462669
Qaanaaq,77.484,-69.3632,-12.66,57,40,8.84,GL,1643462669
Maragogi,-9.0122,-35.2225,84.76,63,97,11.25,BR,1643462614
New Norfolk,-42.7826,147.0587,62.65,55,35,1.23,AU,1643462670
Arman',59.7,150.1667,10.89,83,100,14.63,RU,1643462670
Ribeira Grande,38.5167,-28.7,64.8,55,20,11.5,PT,1643462671
Port Angeles,48.1181,-123.4307,40.69,95,75,0.0,US,1643462671
Najrān,17.4924,44.1277,79.45,13,10,5.86,SA,1643462506
Padang,-0.9492,100.3543,80.65,90,94,1.7,ID,1643462672
Vila do Maio,15.1333,-23.2167,74.19,71,100,16.75,CV,1643462672
Mossamedes,-15.1961,12.1522,79.43,65,75,20.71,AO,1643462672
Saskylakh,71.9167,114.0833,-17.43,99,100,3.11,RU,1643462673
Khuzhir,53.1939,107.3397,0.21,94,87,2.98,RU,1643462673
Tazovsky,67.4667,78.7,-16.55,100,95,6.15,RU,1643462673
Redmond,47.674,-122.1215,38.95,80,100,1.01,US,1643462107
Mahébourg,-20.4081,57.7,84.49,79,40,8.05,MU,1643462674
San Quintín,30.4833,-115.95,56.7,40,88,3.42,MX,1643462734
Chifeng,42.2683,118.9636,15.58,39,0,0.89,CN,1643462529
Bhadrāchalam,17.6667,80.8833,72.86,26,5,3.69,IN,1643462735
Hilo,19.7297,-155.09,67.8,74,0,6.91,US,1643462735
Agadez,19.75,10.25,69.42,12,5,12.06,NE,1643462735
Lompoc,34.6391,-120.4579,63.12,58,0,8.05,US,1643462736
Nanortalik,60.1432,-45.2371,24.84,94,100,11.43,GL,1643462736
Mattru,7.6244,-11.8332,97.36,36,45,2.98,SL,1643462736
Muyezerskiy,63.9333,31.65,18.05,79,87,11.95,RU,1643462737
Sørland,67.667,12.6934,28.47,96,100,24.14,NO,1643462533
Antalaha,-14.9003,50.2788,84.83,64,100,13.49,MG,1643462737
Haapiti,-17.5667,-149.8667,76.73,74,14,14.58,PF,1643462738
Codrington,-38.2667,141.9667,62.35,81,97,12.15,AU,1643462738
Butaritari,3.0707,172.7902,81.28,81,57,18.48,KI,1643462738
Shingū,33.7333,135.9833,39.0,74,87,6.73,JP,1643462739
Andenes,69.3143,16.1194,28.38,64,0,23.02,NO,1643462739
Sangar,63.9242,127.4739,-32.85,100,34,1.61,RU,1643462739
Kushima,31.4583,131.2333,44.11,66,53,6.69,JP,1643462740
Hambantota,6.1241,81.1185,80.94,94,20,3.44,LK,1643462740
Shaunavon,49.6501,-108.4181,24.58,73,100,5.41,CA,1643462741
Lakes Entrance,-37.8811,147.981,67.57,97,100,3.31,AU,1643462741
Cookeville,36.1628,-85.5016,13.78,81,100,1.99,US,1643462741
Baykit,61.67,96.37,0.01,100,99,0.94,RU,1643462742
Chicama,-7.8447,-79.1469,66.74,79,95,3.44,PE,1643462742
Smithers,54.7804,-127.1743,34.12,80,100,6.91,CA,1643462742
La Ronge,55.1001,-105.2842,10.65,85,100,5.75,CA,1643462743
Caceres,39.522,-6.3748,59.81,29,0,10.27,ES,1643462743
São Gabriel da Cachoeira,-0.1303,-67.0892,76.8,94,0,3.44,BR,1643462743
Mumford,5.2618,-0.759,85.37,53,8,9.98,GH,1643462744
Kiunga,-6.1219,141.2906,72.27,95,100,1.9,PG,1643462744
Eureka,40.8021,-124.1637,40.35,86,20,5.5,US,1643462745
Baharly,38.4362,57.4316,48.65,52,53,8.21,TM,1643462745
Saint-Pierre,-21.3393,55.4781,83.84,78,100,13.8,RE,1643462745
Portland,45.5234,-122.6762,38.86,80,0,1.01,US,1643462450
Mil'kovo,54.7167,158.6167,16.84,96,100,0.81,RU,1643462746
Cape Town,-33.9258,18.4232,78.35,53,0,5.01,ZA,1643462631
Cururupu,-1.8283,-44.8683,76.84,93,100,4.79,BR,1643462746
Ulladulla,-35.35,150.4667,73.87,95,100,1.88,AU,1643462746
Ponferrada,42.5466,-6.5962,62.46,18,7,2.59,ES,1643462747
Jacareacanga,-6.2222,-57.7528,72.03,99,100,0.87,BR,1643462747
Sobolevo,54.4299,31.8996,24.8,87,100,12.01,RU,1643462747
Mogok,22.9167,96.5,51.31,76,0,1.05,MM,1643462748
Luwuk,-0.9516,122.7875,77.43,84,100,3.4,ID,1643462748
Provideniya,64.3833,-173.3,1.6,94,10,5.35,RU,1643462749
Gorontalo,0.5412,123.0595,75.45,95,100,3.51,ID,1643462749
Villa María,-32.4075,-63.2402,75.81,61,0,11.1,AR,1643462749
Sassandra,4.95,-6.0833,87.33,56,75,9.04,CI,1643462749
Lowestoft,52.4752,1.7516,58.15,80,77,26.02,GB,1643462750
Port Alfred,-33.5906,26.891,73.9,58,30,9.6,ZA,1643462750
Lüderitz,-26.6481,15.1594,75.79,63,0,20.38,NA,1643462751
Touros,-5.1989,-35.4608,77.9,65,88,5.84,BR,1643462811
Matagami,49.7502,-77.6328,-12.89,77,100,6.91,CA,1643462811
Kapaa,22.0752,-159.319,71.92,88,40,16.11,US,1643462812
Souillac,-20.5167,57.5167,84.58,79,40,8.05,MU,1643462812
Davila,18.4726,120.5763,76.98,84,71,2.1,PH,1643462812
Saint-Augustin,51.226,-58.6502,-12.26,79,1,8.63,CA,1643462813
Orlik,52.5178,99.825,-19.1,94,9,2.53,RU,1643462813
Santa Maria,-29.6842,-53.8069,72.7,68,40,13.8,BR,1643462814
Castro,-24.7911,-50.0119,59.65,99,100,4.38,BR,1643462814
Iqaluit,63.7506,-68.5145,-16.87,74,100,5.01,CA,1643462814
Saldanha,-33.0117,17.9442,70.97,61,5,16.91,ZA,1643462815
Ürümqi,43.801,87.6005,-3.05,78,40,2.24,CN,1643462815
Gisborne,-38.6533,178.0042,58.95,90,3,7.54,NZ,1643462815
Imbituba,-28.24,-48.6703,73.81,59,30,5.5,BR,1643462816
Lebanon,36.2081,-86.2911,17.65,81,0,3.44,US,1643462527
Thompson,55.7435,-97.8558,-5.64,77,100,3.44,CA,1643462816
Hithadhoo,-0.6,73.0833,81.48,65,100,3.89,MV,1643462817
Pevek,69.7008,170.3133,-14.48,100,99,3.58,RU,1643462817
Tiznit Province,29.5833,-9.5,66.92,21,0,31.92,MA,1643462817
Midland,31.9974,-102.0779,33.35,58,0,5.75,US,1643462818
Baranchinskiy,58.1617,59.6991,5.79,100,99,2.64,RU,1643462818
Teguise,29.0605,-13.564,61.02,55,0,17.27,ES,1643462818
Necochea,-38.5473,-58.7368,80.04,52,0,14.27,AR,1643462819
Mackay,-21.15,149.2,80.58,74,40,13.8,AU,1643462739
Vostok,46.4856,135.8833,-15.56,100,100,2.66,RU,1643462819
Aitape,-3.1374,142.3475,78.82,85,100,4.7,PG,1643462593
Vao,-22.6667,167.4833,78.6,87,100,15.12,NC,1643462820
Vihti,60.417,24.3197,33.57,95,100,11.99,FI,1643462820
Gävle,60.6745,17.1417,42.73,91,100,5.01,SE,1643462820
Meadow Lake,34.8014,-106.5436,30.4,61,7,2.57,US,1643462821
Tasiilaq,65.6145,-37.6368,15.96,70,93,2.48,GL,1643462821
Isangel,-19.55,169.2667,78.46,91,100,15.57,VU,1643462821
Nemuro,43.3236,145.575,21.52,70,14,14.5,JP,1643462822
Severo-Kuril'sk,50.6789,156.125,22.78,69,96,19.3,RU,1643462822
Tura,25.5198,90.2201,55.06,54,0,2.48,IN,1643462822
Pangnirtung,66.1451,-65.7125,-21.23,99,100,1.72,CA,1643462823
Kristiansund,63.1115,7.732,36.25,93,75,12.66,NO,1643462823
Santa María del Oro,25.9333,-105.3667,41.94,85,91,1.1,MX,1643462824
Reghiu,45.7833,26.8333,31.8,50,28,10.98,RO,1643462824
Graaff-Reinet,-32.2522,24.5308,86.92,28,0,13.09,ZA,1643462824
Talnakh,69.4865,88.3972,-3.8,97,100,9.46,RU,1643462825
Cabedelo,-6.9811,-34.8339,77.67,68,88,9.22,BR,1643462825
Leningradskiy,69.3833,178.4167,-1.86,84,100,6.04,RU,1643462826
São Filipe,14.8961,-24.4956,71.33,68,100,10.04,CV,1643462826
Ozernovskiy,51.5,156.5167,23.92,76,100,19.62,RU,1643462827
Constitución,-35.3333,-72.4167,63.32,75,4,4.7,CL,1643462827
Alice Springs,-23.7,133.8833,74.75,100,100,14.97,AU,1643462827
Mar del Plata,-38.0023,-57.5575,73.42,65,0,10.0,AR,1643462650
Teya,60.3778,92.6267,6.58,95,100,5.01,RU,1643462828
Grindavik,63.8424,-22.4338,32.47,74,75,14.97,IS,1643462828
Borisoglebskiy,57.2586,39.1508,19.04,97,99,2.51,RU,1643462889
Rudnichnyy,59.617,52.4703,18.14,96,96,5.46,RU,1643462889
Boa Vista,2.8197,-60.6733,84.18,54,0,16.11,BR,1643462889
Gudāri,19.35,83.7833,68.79,32,0,3.09,IN,1643462890
Praia,14.9215,-23.5087,73.94,60,75,21.85,CV,1643462890
Upernavik,72.7868,-56.1549,11.46,81,100,19.46,GL,1643462890
Ilo,-17.6394,-71.3375,68.86,78,0,6.91,PE,1643462891
Bontang,0.1333,117.5,78.93,85,100,6.29,ID,1643462891
Longyearbyen,78.2186,15.6401,10.24,61,20,18.41,SJ,1643462892
Takhatgarh,25.3333,73.0,65.46,20,0,4.03,IN,1643462892
Chokwé,-24.5333,32.9833,85.77,53,79,15.82,MZ,1643462892
Hong Kong,22.2855,114.1577,64.33,84,73,10.0,HK,1643462729
Port Moresby,-9.4431,147.1797,78.33,82,100,3.42,PG,1643462716
Bose,45.4612,8.0137,53.29,37,0,2.66,IT,1643462893
Cabo San Lucas,22.8909,-109.9124,68.5,78,0,4.61,MX,1643462675
Broome,42.2506,-75.833,7.02,77,100,8.99,US,1643462893
Sikasso,10.9167,-7.0,98.04,9,9,7.67,ML,1643462894
Mahon,39.8885,4.2658,55.96,67,20,11.5,ES,1643462894
Auburn,47.3073,-122.2284,38.61,81,75,1.99,US,1643462894
Sukumo,32.9333,132.7333,40.06,72,99,8.5,JP,1643462895
Hanzhong,33.0728,107.0303,37.58,76,61,1.68,CN,1643462895
Rock Sound,24.9,-76.2,73.24,67,96,26.51,BS,1643462895
Itarema,-2.9248,-39.9167,80.15,69,100,5.1,BR,1643462896
Ponta do Sol,32.6667,-17.1,68.0,55,100,6.67,PT,1643462896
Kumluca,36.3703,30.2869,52.68,53,100,4.32,TR,1643462897
Malbork,54.0359,19.0266,36.84,96,100,19.1,PL,1643462897
Kaka,37.3482,59.6143,51.78,48,100,10.54,TM,1643462897
Narsaq,60.9167,-46.05,23.22,96,100,8.77,GL,1643462898
Magistral'nyy,56.1725,107.4458,-16.35,100,85,2.53,RU,1643462898
Awjilah,29.1081,21.2869,60.8,39,5,16.89,LY,1643462899
Alofi,-19.0595,-169.9187,73.29,94,100,1.14,NU,1643462899
Chekhov,55.1431,37.4711,25.03,92,99,2.73,RU,1643462899
Verkhnetulomskiy,68.6073,31.7962,15.93,99,83,3.18,RU,1643462900
Ambilobe,-13.2,49.05,81.66,78,82,6.82,MG,1643462900
Kabalo,-6.05,26.9167,76.77,81,90,1.45,CD,1643462900
Dingle,10.9995,122.6711,77.4,86,16,2.13,PH,1643462901
Byron Bay,-28.65,153.6167,73.35,88,39,8.46,AU,1643462606
Eilat,29.5581,34.9482,64.24,24,0,13.8,IL,1643462617
Aloleng,16.1307,119.7824,80.55,79,23,5.64,PH,1643462901
Honiara,-9.4333,159.95,78.42,86,100,3.0,SB,1643462902
Buzdyak,54.5833,54.55,9.77,94,100,3.91,RU,1643462902
Geraldton,-28.7667,114.6,79.12,73,89,11.5,AU,1643462903
Kruisfontein,-34.0033,24.7314,78.89,46,0,15.21,ZA,1643462903
Den Helder,52.9599,4.7593,52.02,84,100,25.99,NL,1643462903
Cayhagan,9.6697,122.4256,79.07,82,100,1.95,PH,1643462904
Elizabeth City,36.2946,-76.2511,32.02,92,100,20.71,US,1643462904
Keokuk,40.3973,-91.3849,17.1,79,20,3.44,US,1643462905
Kaili,-3.4626,120.2147,68.09,93,100,3.6,ID,1643462905
Hereford,52.0568,-2.7148,58.64,79,86,10.0,GB,1643462905
Jackson,42.4165,-122.8345,51.04,76,0,0.0,US,1643462732
Sheridan,44.8333,-106.9173,35.31,59,0,3.44,US,1643462748
Bhabhua,25.05,83.6167,57.67,50,0,6.22,IN,1643462966
Beringovskiy,63.05,179.3167,-7.87,100,100,3.44,RU,1643462966
Labuhan,-6.8844,112.2051,79.25,85,100,6.26,ID,1643462967
Airai,-8.9266,125.4092,61.56,88,100,3.56,TL,1643462967
Acarí,-15.4311,-74.6158,71.76,72,46,3.83,PE,1643462967
Sitka,57.0531,-135.33,44.49,70,100,21.85,US,1643462968
Lavrentiya,65.5833,-171.0,-3.89,84,3,4.63,RU,1643462968
Bathsheba,13.2167,-59.5167,81.21,80,40,17.27,BB,1643462969
Berlevåg,70.8578,29.0864,31.33,61,100,15.68,NO,1643462969
Chapais,49.7834,-74.8492,-33.02,100,63,3.58,CA,1643462969
Redcliffe,-27.2307,153.0973,77.0,78,20,8.05,AU,1643462970
Bisira,8.5196,-81.7115,59.13,89,98,5.88,PA,1643462970
Uíge,-7.6087,15.0613,71.62,88,75,4.61,AO,1643462970
Dundee,56.5,-2.9667,48.76,65,20,25.32,GB,1643462971
Katsuura,35.1333,140.3,46.51,74,100,9.33,JP,1643462971
Amahai,-3.3333,128.9167,79.23,78,100,5.59,ID,1643462972
Santiago del Estero,-27.7951,-64.2615,76.12,47,0,2.42,AR,1643462972
Banjar,-8.19,114.9675,84.06,86,100,3.78,ID,1643462972
Longjiang,47.3303,123.1836,3.54,79,3,7.4,CN,1643462973
Aklavik,68.2191,-135.0107,-15.77,84,13,8.57,CA,1643462973
Atbasar,51.8,68.3333,0.19,92,100,4.9,KZ,1643462974
Comodoro Rivadavia,-45.8667,-67.5,78.66,15,0,20.71,AR,1643462974
Shumskiy,54.8318,99.1328,-5.15,98,86,3.0,RU,1643462975
Englewood,39.6478,-104.9878,38.37,41,0,1.99,US,1643462893
Yamoussoukro,6.8206,-5.2767,91.29,43,18,9.22,CI,1643462766
Passo Fundo,-28.2628,-52.4067,72.66,53,0,10.18,BR,1643462976
Tahe,52.3333,124.7333,4.95,76,30,9.69,CN,1643462976
Ntcheu,-14.8203,34.6359,72.7,87,67,2.64,MW,1643462976
Helena,46.5927,-112.0361,28.99,66,0,0.0,US,1643462797
Almaznyy,48.0448,40.045,33.94,98,100,13.69,RU,1643462977
Ahipara,-35.1667,173.1667,59.86,88,100,6.22,NZ,1643462977
Tautira,-17.7333,-149.15,77.02,77,31,14.65,PF,1643462978
Sept-Îles,50.2001,-66.3821,-8.95,71,75,4.0,CA,1643462978
Zhigansk,66.7697,123.3711,-12.1,99,98,11.48,RU,1643462979
Shambu,9.5667,37.1,73.98,18,19,1.16,ET,1643462979
Cidreira,-30.1811,-50.2056,74.28,58,51,12.48,BR,1643462979
Falun,60.6036,15.626,37.81,96,100,9.06,SE,1643462980
Carnarvon,-24.8667,113.6333,77.07,88,75,13.8,AU,1643462980
Jalu,29.0331,21.5482,61.21,38,4,16.4,LY,1643462980
Dondo,-19.6094,34.7431,87.31,54,13,11.1,MZ,1643462981
Koksovyy,48.1967,40.5989,33.28,99,100,14.25,RU,1643462981
Palafrugell,41.9174,3.1631,66.96,19,2,9.78,ES,1643462982
Srednekolymsk,67.45,153.6833,-14.12,99,100,3.96,RU,1643462982
Vestmanna,62.1564,-7.1664,36.52,65,100,43.73,FO,1643462982
Vestmannaeyjar,63.4427,-20.2734,29.39,64,0,6.91,IS,1643462982
Bilibino,68.0546,166.4372,-11.43,87,96,3.8,RU,1643462983
Giohar,2.7809,45.5005,96.04,17,100,18.03,SO,1643462983
Upata,8.0086,-62.3989,72.19,74,97,5.12,VE,1643462983
Oodweyne,9.4092,45.064,79.79,23,19,18.25,SO,1643462984
Yaan,7.3833,8.5667,96.98,9,62,12.26,NG,1643463044
Clyde River,70.4692,-68.5914,-5.57,77,100,16.11,CA,1643463044
Bonthe,7.5264,-12.505,87.48,58,91,12.15,SL,1643463045
Kyaikkami,16.08,97.5675,78.49,56,15,8.28,MM,1643463045
Mazatlán,23.2167,-106.4167,60.91,91,0,5.75,MX,1643462835
Haines Junction,60.7522,-137.5108,13.95,67,100,10.36,CA,1643463046
Yilan,24.757,121.753,61.92,93,100,3.44,TW,1643463046
Morón,-34.6534,-58.6198,77.95,65,4,5.99,AR,1643463047
Verkhoyansk,67.5447,133.385,-27.58,100,100,1.95,RU,1643463047
Nizwá,22.9333,57.5333,77.41,27,8,6.06,OM,1643463047
Buluang,13.3068,123.3425,76.06,93,52,3.62,PH,1643463048
Kaduna,10.5222,7.4383,89.22,8,91,11.81,NG,1643463048
Morro Bay,35.3658,-120.8499,58.21,54,100,1.01,US,1643463048
Damaturu,11.747,11.9608,86.72,10,31,14.5,NG,1643463049
Kangaatsiaq,68.3065,-53.4641,6.57,95,100,3.83,GL,1643463049
Guerrero Negro,27.9769,-114.0611,57.97,52,0,1.16,MX,1643463050
Sur,22.5667,59.5289,73.24,54,5,4.09,OM,1643463050
Lakki,32.6079,70.9114,57.9,39,0,2.71,PK,1643463050
Toruń,53.0137,18.5981,35.69,97,100,1.99,PL,1643463051
Vanavara,60.34,102.2797,-0.9,97,100,4.38,RU,1643463051
Springbok,-29.6643,17.8865,94.19,18,45,18.05,ZA,1643463052
Cherskiy,68.75,161.3,-19.35,100,69,1.86,RU,1643463052
Svobodnyy,51.4,128.1333,-10.43,96,33,5.55,RU,1643463052
Hasaki,35.7333,140.8333,39.6,77,99,4.5,JP,1643463053
Aksu,41.1231,80.2644,28.51,41,100,2.35,CN,1643463053
Paulo Ramos,-4.2167,-45.1833,75.49,89,100,4.27,BR,1643463053
Lubao,14.9167,120.55,82.42,77,6,3.38,PH,1643463054
Novy Urengoy,66.0833,76.6333,-10.91,98,95,7.05,RU,1643463054
Sayyan,15.1718,44.3244,65.03,23,8,6.71,YE,1643463055
Tougue,11.4667,-11.6,92.21,10,63,5.66,GN,1643463055
Kisi,9.0833,3.85,95.18,11,6,7.9,NG,1643463056
Daru,-9.0763,143.2092,78.66,86,100,7.0,PG,1643463056
Morehead,37.2711,-87.1764,14.14,85,0,0.0,US,1643463056
Cockburn Town,21.4612,-71.1419,77.94,74,4,6.35,TC,1643463057
Tarpa,48.1048,22.5374,40.86,88,60,5.75,HU,1643463057
Sebring,27.4956,-81.4409,44.71,53,0,3.0,US,1643463057
Marzuq,14.4,46.4667,77.77,24,95,5.61,YE,1643463058
Konza,-1.7426,37.1294,73.51,51,90,14.52,KE,1643463058
Kloulklubed,7.0419,134.2556,77.5,80,97,9.53,PW,1643463059
Port Augusta,-32.5,137.7667,83.71,64,18,13.6,AU,1643463059
Grootfontein,-19.5667,18.1167,74.77,78,100,18.41,NA,1643463060
Iquitos,-3.7481,-73.2472,82.44,78,75,3.44,PE,1643463060
Tigil',57.8,158.6667,16.75,87,100,2.35,RU,1643463060
Hurup,56.7494,8.4195,48.7,3,100,52.84,DK,1643463060
Fālākāta,26.5208,89.2055,61.93,41,0,4.54,IN,1643463061
Severo-Yeniseyskiy,60.3725,93.0408,3.33,95,100,5.26,RU,1643463061
Porto-Novo,6.4965,2.6036,91.22,20,82,8.14,BJ,1643462785
Yumen,40.2833,97.2,22.19,41,0,8.12,CN,1643463062
Ostrovnoy,68.0531,39.5131,11.68,92,59,13.42,RU,1643463062
Logroño,42.4667,-2.45,53.1,43,0,11.5,ES,1643463063
Kudahuvadhoo,2.6708,72.8944,81.57,66,50,7.38,MV,1643463123
Puri,19.8,85.85,66.72,49,3,6.64,IN,1643462907
Mnogovershinnyy,53.9353,139.9242,-15.05,96,81,4.34,RU,1643463124
Concepción del Uruguay,-32.4825,-58.2372,77.99,60,0,1.99,AR,1643463124
Muros,42.7762,-9.0603,63.84,36,6,2.89,ES,1643463125
Lugazi,0.3772,32.9197,84.83,31,100,3.04,UG,1643463125
Abilene,32.4487,-99.7331,39.42,43,0,5.75,US,1643463125
Prince George,53.9166,-122.753,29.64,80,100,3.44,CA,1643462941
Richards Bay,-28.783,32.0377,78.24,72,51,10.29,ZA,1643463126
Astoria,46.1879,-123.8313,42.85,79,20,1.99,US,1643462982
Penzance,50.1186,-5.5371,52.81,92,34,20.15,GB,1643463127
Bariloche,-41.1456,-71.3082,65.95,48,0,17.27,AR,1643463127
Sumenep,-7.0167,113.8667,77.04,90,100,5.57,ID,1643463127
Kathu,7.9178,98.3332,82.22,75,100,12.03,TH,1643463128
Edd,13.9297,41.6925,81.19,66,61,10.18,ER,1643463128
Yakeshi,49.2833,120.7333,-22.43,100,16,3.67,CN,1643463129
Camacha,33.0833,-16.3333,66.52,67,0,6.91,PT,1643463129
Port Blair,11.6667,92.75,78.84,83,75,5.75,IN,1643463129
Soe,-9.8607,124.284,67.64,88,100,4.99,ID,1643463130
Aranyosapáti,48.206,22.2592,40.87,83,85,4.7,HU,1643463130
Changji,44.0167,87.3167,0.39,78,40,2.24,CN,1643463130
Marsá Maţrūḩ,31.3525,27.2453,59.54,49,53,12.28,EG,1643463131
Arraial do Cabo,-22.9661,-42.0278,84.16,78,40,3.44,BR,1643463131
Wilkie,52.4168,-108.7014,22.89,80,100,3.62,CA,1643463132
Puerto Escondido,15.85,-97.0667,70.63,88,0,3.44,MX,1643463132
Hailar,49.2,119.7,-15.5,99,20,5.95,CN,1643463132
Bayonet Point,28.3267,-82.6834,51.19,59,5,10.0,US,1643463133
Harper,4.375,-7.7169,84.18,69,57,8.48,LR,1643463133
Bosaso,11.2842,49.1816,77.09,61,87,12.46,SO,1643463134
Ikongo,-21.8833,47.4333,83.1,58,0,5.12,MG,1643463134
Sambava,-14.2667,50.1667,81.9,71,37,11.21,MG,1643463134
Fairbanks,64.8378,-147.7164,-7.6,71,0,4.61,US,1643463068
Mweka,-4.85,21.5667,82.69,60,89,1.81,CD,1643463135
Nardaran,40.5561,50.0056,47.84,66,0,9.22,AZ,1643463135
Rio Grande,-32.035,-52.0986,78.91,54,30,12.73,BR,1643463136
Tambopata,-12.7333,-69.1833,75.09,94,75,3.44,PE,1643463136
Ashland,40.8167,-82.2665,5.27,90,9,7.14,US,1643463136
Potiskum,11.7091,11.0694,85.91,11,21,14.23,NG,1643463137
Escanaba,45.7453,-87.0646,7.23,84,0,0.0,US,1643463003
Union,40.6334,-74.2663,24.13,91,100,18.41,US,1643463137
Miyako,39.6367,141.9525,29.43,70,22,7.14,JP,1643463138
Chauk,20.8833,94.8167,70.12,43,0,3.69,MM,1643463138
Lufilufi,-13.8745,-171.5986,74.98,75,45,17.85,WS,1643463138
Erenhot,43.6475,111.9767,5.4,87,100,8.12,CN,1643463139
Djibouti,11.5,42.5,78.22,57,55,12.12,DJ,1643463139
Blagoyevo,63.3667,47.9167,15.37,92,100,9.62,RU,1643463139
Linkou,45.3,130.2833,-2.52,90,61,5.86,CN,1643463140
Rio Claro,-22.4114,-47.5614,72.39,95,100,4.05,BR,1643463140
Salinas,36.6777,-121.6555,54.7,49,0,12.66,US,1643463065
Half Moon Bay,37.4636,-122.4286,53.49,82,0,0.0,US,1643463038
Bay City,43.5945,-83.8889,9.16,79,100,3.0,US,1643463015
Itaqui,-29.1253,-56.5531,84.06,31,0,13.15,BR,1643463201
Sakakah,29.9697,40.2064,62.17,32,0,9.42,SA,1643463201
Saint-Joseph,-21.3667,55.6167,82.76,85,56,9.82,RE,1643463202
Dubno,50.4169,25.7343,33.89,89,64,10.71,UA,1643463202
Sawtell,-30.3833,153.1,73.42,90,40,4.61,AU,1643463202
Conde,-7.2597,-34.9075,76.46,88,100,5.75,BR,1643463203
Ulaangom,49.9811,92.0667,-22.9,92,94,3.36,MN,1643463203
Sola,-13.8833,167.55,80.94,81,100,22.15,VU,1643463204
Tongren,27.7172,109.1853,33.31,97,95,2.28,CN,1643463082
Mount Hagen,-5.8581,144.2274,59.74,98,100,1.07,PG,1643463204
Yulara,-25.2406,130.9889,84.04,54,75,18.41,AU,1643463205
Kargat,55.1956,80.2811,1.26,93,100,5.84,RU,1643463205
Weymouth,42.2209,-70.9398,28.13,93,100,15.99,US,1643463092
Bristol,41.8334,-71.1662,29.62,93,100,10.0,US,1643463206
Musiri,10.9333,78.45,80.64,64,98,9.04,IN,1643463206
Lincoln,40.8,-96.667,25.99,74,0,1.01,US,1643463173
Nong Kung Si,16.65,103.3,86.58,99,14,7.58,TH,1643463206
Luau,-10.7073,22.2247,76.3,78,87,5.57,AO,1643463207
Tumpat,6.1978,102.171,78.78,88,20,4.61,MY,1643463207
Longhua,23.6137,114.1919,56.88,69,41,3.74,CN,1643463208
Beisfjord,68.3751,17.5988,23.05,83,100,11.18,NO,1643463208
Lębork,54.5392,17.7501,38.91,100,100,18.28,PL,1643463208
Kharsāwān,22.8,85.8333,62.4,35,0,4.72,IN,1643463209
Conceição da Barra,-18.5933,-39.7322,87.69,57,45,8.14,BR,1643463209
Acajutla,13.5928,-89.8275,78.8,56,0,5.03,SV,1643463210
Emporia,38.4039,-96.1817,26.8,63,0,11.5,US,1643463210
Rancho Palos Verdes,33.7445,-118.387,61.54,23,100,5.01,US,1643463210
Crewe,53.0979,-2.4416,53.91,70,15,8.99,GB,1643463211
Opuwo,-18.0607,13.84,93.15,15,52,18.72,NA,1643463211
Kirov,58.5966,49.6601,15.66,95,100,6.35,RU,1643463211
Port Elizabeth,-33.918,25.5701,81.1,64,20,12.66,ZA,1643463212
Victoria Point,-27.5833,153.3,76.91,86,65,4.0,AU,1643463212
Coyhaique,-45.5752,-72.0662,60.75,44,0,4.61,CL,1643463212
Praia da Vitória,38.7333,-27.0667,62.76,82,75,8.46,PT,1643463213
Province of Pordenone,45.95,12.65,53.6,46,40,1.01,IT,1643463213
Algiers,36.7525,3.042,58.82,51,0,5.75,DZ,1643462966
Ondjiva,-17.0667,15.7333,91.44,25,0,5.75,AO,1643463214
Sirte,31.2089,16.5887,59.31,59,21,26.73,LY,1643463214
Itoman,26.1247,127.6694,62.62,94,75,16.11,JP,1643463214
Tarusan,8.6546,117.5104,78.98,85,9,3.65,PH,1643463215
Tateyama,34.9833,139.8667,46.42,76,95,11.1,JP,1643463215
Muroto-misakicho,33.2833,134.15,50.27,50,99,4.81,JP,1643463216
Guánica,17.9716,-66.908,81.21,69,0,1.99,PR,1643463216
Boqueirão,-7.5,-36.1333,74.75,54,93,8.5,BR,1643463216
Kahama,-3.8333,32.6,73.62,67,94,5.95,TZ,1643463217
Katherine,-14.4667,132.2667,80.92,83,99,8.05,AU,1643463217
Young,-32.6833,-57.6333,77.23,51,0,6.85,UY,1643463217
Mariental,-24.6333,17.9667,86.49,36,89,6.6,NA,1643463218
Pospelikha,51.95,81.7667,-5.93,99,15,4.81,RU,1643463218
Marawi,7.9986,124.2928,70.65,96,55,1.45,PH,1643463279
Shilovo,54.3204,40.874,25.38,97,99,4.27,RU,1643463279
Kenitra,34.261,-6.5802,73.72,41,98,5.5,MA,1643463174
Hyères,43.1167,6.1167,61.48,67,20,9.22,FR,1643463280
Jaisalmer,26.9147,70.9181,69.69,16,0,3.69,IN,1643463280
Mana,5.6592,-53.7767,81.75,67,41,6.6,GF,1643463281
Logon,11.3303,124.1146,80.38,82,87,6.62,PH,1643463281
Kutum,14.2,24.6667,72.43,9,6,10.25,SD,1643463282
Ancud,-41.8697,-73.8203,61.43,58,0,6.64,CL,1643463109
Torbat-e Jām,35.244,60.6225,42.15,67,4,6.49,IR,1643463282
Merauke,-8.4667,140.3333,81.84,79,100,12.68,ID,1643463283
Dengzhou,37.8086,120.7508,31.53,48,0,3.74,CN,1643463283
Rio de Janeiro,-22.9028,-43.2075,86.22,75,75,6.91,BR,1643463063
Norman Wells,65.282,-126.8329,-30.96,68,20,3.44,CA,1643463283
Inírida,3.8653,-67.9239,83.07,46,93,4.09,CO,1643463284
Anadyr,64.75,177.4833,-4.52,83,100,2.24,RU,1643463284
Moussoro,13.6408,16.4901,82.67,7,0,16.17,TD,1643463284
Olinda,-8.0089,-34.8553,78.53,78,0,5.75,BR,1643463285
Kostomuksha,64.571,30.5767,17.65,77,98,11.05,RU,1643463285
Tabou,4.423,-7.3528,85.37,64,90,8.12,CI,1643463286
Naurskaya,43.6519,45.3133,40.14,74,62,2.66,RU,1643463286
Cayenne,4.9333,-52.3333,80.64,81,75,1.99,GF,1643463006
Ossora,59.2353,163.0719,28.89,94,100,16.58,RU,1643463286
Inongo,-1.95,18.2667,85.01,46,79,0.83,CD,1643463287
Xichang,27.8964,102.2634,42.57,71,0,1.61,CN,1643463287
Boende,-0.2167,20.8667,94.89,26,99,2.46,CD,1643463288
Araouane,18.9048,-3.5265,84.61,9,100,10.83,ML,1643463288
Melfort,52.8667,-104.6177,14.13,85,100,6.91,CA,1643463288
Broken Hill,-31.95,141.4333,80.31,44,75,11.5,AU,1643463083
Phan Thiet,10.9333,108.1,73.78,88,68,2.39,VN,1643463289
Ballina,-28.8667,153.5667,71.56,94,75,2.3,AU,1643463289
Tommot,58.9564,126.2925,-4.07,95,100,8.14,RU,1643463290
Bečov,50.4497,13.7178,41.74,87,100,16.37,CZ,1643463290
Zelenogorskiy,55.0333,87.0,3.72,100,68,2.73,RU,1643463291
Flinders,-34.5833,150.8552,76.21,86,100,7.18,AU,1643463291
Laas,46.6166,10.7002,52.68,73,37,7.85,IT,1643463291
São João da Barra,-21.6403,-41.0511,87.89,74,96,8.21,BR,1643463292
Chebarkul',54.9749,60.3633,7.5,98,100,1.07,RU,1643463292
Stornoway,58.2093,-6.3865,42.93,74,75,10.0,GB,1643463292
Khani,41.9563,42.9566,38.77,90,66,4.56,GE,1643463293
Rabaul,-4.1967,152.1721,79.93,79,88,5.39,PG,1643463293
Terra Santa,-2.1042,-56.4869,74.98,96,100,2.93,BR,1643463294
Madimba,-10.4,40.3333,76.01,91,98,12.41,TZ,1643463294
Anloga,5.7947,0.8973,95.22,55,4,10.4,GH,1643463294
Petropavlovsk-Kamchatskiy,53.0452,158.6483,21.79,100,100,4.47,RU,1643463295
Akranes,64.3218,-22.0749,32.56,73,85,10.51,IS,1643463295
Port Hedland,-20.3167,118.5667,84.25,74,28,13.8,AU,1643463296
Ouégoa,-20.35,164.4333,80.01,84,85,1.41,NC,1643463296
Meridian,43.6121,-116.3915,16.65,86,20,5.01,US,1643463236
Christchurch,-43.5333,172.6333,63.91,87,20,5.99,NZ,1643463296
Bubaque,11.2833,-15.8333,79.21,43,30,7.36,GW,1643463357
Vilhena,-12.7406,-60.1458,71.82,94,100,11.5,BR,1643463357
Churapcha,62.0025,132.4325,-37.37,100,51,1.54,RU,1643463358
College,64.8569,-147.8028,-4.34,70,40,6.91,US,1643463225
Ternate,0.8,127.4,80.51,79,98,4.9,ID,1643463358
Maceió,-9.6658,-35.7353,85.44,65,75,8.05,BR,1643463116
Pontianak,-0.0333,109.3333,78.78,94,40,3.44,ID,1643463076
Wau,7.7029,27.9953,90.86,10,11,8.57,SS,1643463358
Diego de Almagro,-26.3667,-70.05,68.22,45,0,5.5,CL,1643463359
Deputatsky,69.3,139.9,-8.68,99,100,0.83,RU,1643463359
Ankazoabo,-22.2833,44.5167,94.15,28,51,9.04,MG,1643463360
Taos,36.4072,-105.5731,13.26,77,0,0.0,US,1643463360
Gushikawa,26.3544,127.8686,61.83,94,75,14.97,JP,1643463360
Asău,46.4333,26.4,35.76,68,91,2.19,RO,1643463361
Kyakhta,50.3508,106.4494,-14.8,100,91,2.48,RU,1643463361
Zastron,-30.3023,27.084,83.8,23,10,12.75,ZA,1643463361
Kindia,10.0569,-12.8658,95.18,19,28,3.94,GN,1643463362
Rome,43.2128,-75.4557,5.43,74,0,8.05,US,1643463115
Kumul,42.8,93.45,25.2,46,0,4.63,CN,1643463362
Benghazi,32.1167,20.0667,58.77,66,70,29.53,LY,1643463363
Ukiah,39.1502,-123.2078,49.37,69,89,2.82,US,1643463002
Alekseyevsk,57.8406,108.3492,-17.09,100,65,1.54,RU,1643463363
Jinzhou,41.1078,121.1417,20.08,47,0,0.83,CN,1643463364
Parrita,9.5201,-84.3225,82.98,58,48,1.99,CR,1643463364
Meulaboh,4.1363,96.1285,79.54,85,98,3.83,ID,1643463365
Coahuayana Viejo,18.7333,-103.6833,76.48,70,2,3.83,MX,1643463365
San Andrés,12.5847,-81.7006,80.62,74,40,9.22,CO,1643463094
Corrente,-3.7367,-43.3394,83.26,57,93,6.49,BR,1643463365
Launceston,-41.45,147.1667,62.62,79,10,5.01,AU,1643463315
Kodinsk,58.6881,99.1844,-4.77,100,99,3.15,RU,1643463366
Ketchikan,55.3422,-131.6461,44.58,95,100,19.33,US,1643463261
Chardara,41.2547,67.9692,43.68,62,80,8.84,KZ,1643463366
Karibib,-21.9333,15.8333,88.52,30,56,18.68,NA,1643463367
Tual,-5.6667,132.75,83.93,74,100,17.49,ID,1643463367
Grand Forks,47.9417,-97.4337,10.33,85,20,8.05,US,1643463367
Kalemie,-5.9475,29.1947,79.02,71,28,1.88,CD,1643463368
